YTID,start_seconds,end_seconds,positive_labels,label_description
--cB2ZVjpnA,30.0,40.0,/m/01y3hg,smoke_alarm
-0mjrMposBM,80.0,90.0,/m/04zmvq,train_whistle
-2hQKCE-oTI,30.0,40.0,/m/07pbtc8,footsteps
-9ek6eO0RtI,260.0,270.0,/m/03wwcy,doorbell
-A0MTi2NMGI,30.0,40.0,/t/dd00134,car_passing_by
-ASYwidRD7M,30.0,40.0,/m/01d3sd,snoring
-DBcp6YGi6k,30.0,40.0,/t/dd00018,pig
-Dl-VzBPd9E,270.0,280.0,/m/028ght,applause
-FEPOSP7ay0,260.0,270.0,/m/0395lw,bell
-FT5MbWPCzg,540.0,550.0,/m/03w41f,bell
-GI5PbO6j50,30.0,40.0,/m/03qc9zr,screaming
-HvtS74RG8w,240.0,250.0,/m/03l9g,hammer
-IWlQN6cfe4,30.0,40.0,/m/07pbtc8,footsteps
-JfXNXGi-l8,70.0,80.0,/m/03wvsk,hair_dryer
-NwuLeOWpLk,420.0,430.0,/m/01lsmm,scissors
-ODqYMQFwsY,30.0,40.0,/t/dd00134,car_passing_by
-QSNQGKiGT4,260.0,270.0,/m/03qc9zr,screaming
-TJe1_ECCwM,6.0,16.0,/m/07pws3f,shotgun
-UbFLKplzbE,30.0,40.0,/m/01j4z9,chainsaw
-UcfsxiD_ns,340.0,350.0,/m/0llzx,sewing_machine
-VI2IRq17rs,360.0,370.0,/m/0395lw,bell
-Ypg2o4TqXM,30.0,40.0,/m/07r4wb8,knock
-Ze_xQhxKRo,30.0,40.0,/m/0j2kx,waterfall
-b_10b-orX4,50.0,60.0,/m/02_41,fire
-jMyzNbR7WM,10.0,20.0,/t/dd00134,car_passing_by
-reNxUHvEl0,7.0,17.0,/m/07r67yg,doorbell
-xyxF0ahpKk,0.0,4.0,/t/dd00134,car_passing_by
-z_3aZqUmbw,120.0,130.0,/m/0d31p,vacuum_cleaner
-zpL4Ut1clE,30.0,40.0,/m/016622,bell
0-FH0xbm4gQ,580.0,590.0,/m/02z32qm,shotgun
02aq42RDm2Q,30.0,40.0,/m/0d31p,vacuum_cleaner
02rLonMSO9k,60.0,70.0,/m/01y3hg,smoke_alarm
04RDcHpgzTM,50.0,60.0,/m/07pp8cl,telephone
06PzXIqzQXM,200.0,210.0,/m/03l9g,hammer
0AAvXso7C5c,160.0,170.0,/m/04zmvq,train_whistle
0AHA6Zz-ykw,30.0,40.0,/t/dd00134,car_passing_by
0DSVOjk2NfA,30.0,40.0,/m/01h82_,engine
0EkXQKzNjkg,30.0,40.0,/t/dd00134,car_passing_by
0EsJvIfMx0w,30.0,40.0,/m/07pbtc8,footsteps
0FHa462_1Mc,100.0,110.0,/m/02z32qm,shotgun
0Hz4R_m0hmI,80.0,90.0,/m/02mfyn,car_alarm
0KXc1iKGh7s,14.0,24.0,/m/07pbtc8,footsteps
0R8NB5yxmMk,10.0,20.0,/m/03l9g,hammer
0V7XP7n7ZTQ,160.0,170.0,/m/03v3yw,keys_jangling
0VIHkdBPImc,290.0,300.0,/m/03wvsk,hair_dryer
0XuCucHevvE,9.0,19.0,/m/0c2wf,typewriter
0ct9AETvIdE,30.0,40.0,/m/02mfyn,car_alarm
0gzJkUrw-ko,110.0,120.0,/m/01m2v,keyboard_typing
0jsCjvHoCtM,60.0,70.0,/m/07pp8cl,telephone
0l8d_NhvFwY,80.0,90.0,/m/0j2kx,waterfall
0ng703aLhXs,17.0,27.0,/m/07pp_mv,alarm
0npLQ4LzD0c,40.0,50.0,/m/02mfyn,car_alarm
0pKW6LBhKOA,30.0,40.0,/m/0fx9l,microwave_oven
0paO14gvFAk,20.0,30.0,/m/025td0t,background_music
0qCbtn--t6Q,30.0,40.0,/t/dd00134,car_passing_by
0rcgzQpsWYs,30.0,40.0,/m/02_41,fire
0y3tr-QUGY0,50.0,60.0,/m/046dlr,alarm_clock
13PjLquqF3U,440.0,450.0,/m/046dlr,alarm_clock
15q_K5r3RzU,0.0,10.0,/t/dd00001,baby_laughter
1JA4xWUWnxk,490.0,500.0,/m/07qqyl4,explosion
1JmYeNQ1jEI,20.0,30.0,/m/0d31p,vacuum_cleaner
1LHxY6b9JAU,200.0,210.0,/m/0d31p,vacuum_cleaner
1Ms9GajaUQ4,30.0,40.0,/t/dd00134,car_passing_by
1PS6X_Kg3-M,170.0,180.0,/m/07r10fb,pouring_water
1SlyRu7fIzk,330.0,340.0,/m/028ght,applause
1U7l0iDgxJ0,30.0,40.0,/m/07r4wb8,knock
1WFBllfIMPA,0.0,2.0,/m/07r4wb8,knock
1X6tPB4aoE0,440.0,450.0,/m/016622,bell
1XAFadL2YW4,30.0,40.0,/m/07r10fb,pouring_water
1_cwgiVIRJw,30.0,40.0,/m/0j2kx,waterfall
1_nOAVumWY4,0.0,10.0,/t/dd00134,car_passing_by
1alQZjvWr38,30.0,40.0,/m/01hsr_,sneeze
1c8yp4_Fji8,30.0,40.0,/m/01y3hg,smoke_alarm
1dr8P7o36lY,210.0,220.0,/m/02z32qm,shotgun
1kfvRJEsf9g,30.0,40.0,/m/07pbtc8,footsteps
1wOoCSwNHwM,50.0,60.0,/m/014yck,aircraft_engine
21L0pyts9WI,530.0,540.0,/m/01h8n0,conversation
23JEc_HTpyc,30.0,40.0,/m/0j2kx,waterfall
2CCxYT5Zgtc,20.0,30.0,/m/0d31p,vacuum_cleaner
2FjG7F5-RCY,100.0,110.0,/m/01lsmm,scissors
2FkbTil7Bqk,30.0,40.0,/t/dd00134,car_passing_by
2I74FFVzha0,40.0,50.0,/m/07pbtc8,footsteps
2JSprzuZ2GA,170.0,180.0,/m/0d31p,vacuum_cleaner
2NznKe2WaOc,30.0,40.0,/m/03qc9zr,screaming
2QrtZ4bJ4h4,20.0,30.0,/m/01w250,whistling
2VJnW7INAOI,60.0,70.0,/m/01w250,whistling
2VXL3nbUrpc,40.0,50.0,/m/0d31p,vacuum_cleaner
2XP6Q2CXB-w,500.0,510.0,/m/01h8n0,conversation
2_itHv9t7Ho,46.0,56.0,/m/01w250,whistling
2b_2jvy-qos,20.0,30.0,/t/dd00134,car_passing_by
2eAI-g3R7zM,30.0,40.0,/t/dd00134,car_passing_by
2rcRqeXnsNw,18.0,28.0,/t/dd00134,car_passing_by
2tjEckdpSW0,27.0,37.0,/t/dd00018,pig
2tuCtiO7px0,160.0,170.0,/m/06_y0by,environmental_noise
2v0Lmxftv_4,80.0,90.0,/m/03l9g,hammer
2vp14zYhSq4,20.0,30.0,/m/0j2kx,waterfall
2w2zPDq5ekE,30.0,40.0,/m/07c52,television
2w6tV5kDGWo,240.0,250.0,/m/016622,bell
2zcTgyGpens,30.0,40.0,/m/07r10fb,pouring_water
3-d24x3bPe0,23.0,33.0,/t/dd00134,car_passing_by
307uxeIpKMY,140.0,150.0,/m/03v3yw,keys_jangling
35MzLrAON3M,40.0,50.0,/m/07c52,television
385OLsVRaAU,10.0,20.0,/m/02mfyn,car_alarm
39hw3q5ylrY,80.0,90.0,/m/0fd3y,ambient_music
3ERj8It26dk,10.0,20.0,/m/03qc9zr,screaming
3Odt59FJTXg,580.0,590.0,/m/028ght,applause
3PM0O0dOCXs,30.0,40.0,/t/dd00134,car_passing_by
3SWi2UgEwY8,30.0,40.0,/m/03wvsk,hair_dryer
3U2SXSfR3hE,20.0,30.0,/g/122z_qxw,fireworks
3YzsvHJ10VY,30.0,40.0,/m/03v3yw,keys_jangling
3_14lh_jd4s,400.0,410.0,/m/03l9g,hammer
3cugy18s-PI,30.0,40.0,/m/02mfyn,car_alarm
3ibqnlzEbdk,380.0,390.0,/m/01d3sd,snoring
3ixOXsKUufM,30.0,40.0,/m/0l15bq,clapping
3j3AM4taI-U,0.0,10.0,/m/02_41,fire
3jB5rbdymUM,310.0,320.0,/m/03wvsk,hair_dryer
3kqdrh_tJ8o,30.0,40.0,/m/03wvsk,hair_dryer
3mDwT53SxZo,50.0,60.0,/m/0d31p,vacuum_cleaner
3mor5mPSYoU,7.0,17.0,/t/dd00134,car_passing_by
3oX-QGFNYTg,20.0,30.0,/m/0g6b5,fireworks
3rGHjZMdW4Y,20.0,30.0,/m/01w250,whistling
3rWuqvyN4os,8.0,18.0,/m/01y3hg,smoke_alarm
3tLz1WGqNE0,90.0,100.0,/t/dd00001,baby_laughter
413emf-N9Vo,160.0,170.0,/m/07qqyl4,explosion
41CFmUZsBr4,30.0,40.0,/m/016622,bell
42yFzSA1DFk,50.0,60.0,/m/01d3sd,snoring
44_NJFKC_9s,30.0,40.0,/m/0c2wf,typewriter
47Ef_hhiO1o,11.0,21.0,/m/0j2kx,waterfall
48RQBL9JBtY,30.0,40.0,/m/0c2wf,typewriter
49Y7Pf46cnk,260.0,270.0,/m/03wvsk,hair_dryer
49_lI0HpaDE,0.0,10.0,/m/07r4wb8,knock
4BUEj-TxY5g,0.0,10.0,/m/07pp8cl,telephone
4GylrSo5D2Y,0.0,10.0,/m/07r67yg,doorbell
4Hd_qTtDWTU,110.0,120.0,/m/01d3sd,snoring
4JQkinXVd1s,90.0,100.0,/m/06_y0by,environmental_noise
4JYJRqwqWGM,60.0,70.0,/m/0395lw,bell
4Kc-ga03dVY,210.0,220.0,/m/01lsmm,scissors
4M7jykYpnNU,0.0,10.0,/m/03cl9h,ice_cream_van
4OHZaHeTjGg,20.0,30.0,/m/01z5f,dog
4OvgouW2OyA,30.0,40.0,/m/0fx9l,microwave_oven
4RfqS6tctCM,30.0,40.0,/m/0c2wf,typewriter
4T4av1I5CNE,130.0,140.0,/m/0d31p,vacuum_cleaner
4WBJgrYLHJs,30.0,40.0,/m/01j4z9,chainsaw
4WO7FtHjWr0,360.0,370.0,/g/122z_qxw,fireworks
4Wu5YyU1j28,180.0,190.0,/m/0j2kx,waterfall
4YhvJhOA7YQ,80.0,90.0,/m/016622,bell
4ZYy180eNRI,3.0,13.0,/t/dd00134,car_passing_by
4iVZcLNzbF8,80.0,90.0,/m/06_y0by,environmental_noise
4kyWH8eWP8M,30.0,40.0,/m/0395lw,bell
4ltNEyFGYrw,30.0,40.0,/m/02z32qm,shotgun
4npJrBtnceA,280.0,290.0,/m/01lsmm,scissors
4oIp7EgT7B4,80.0,90.0,/m/0j2kx,waterfall
4p3CocaM9Mk,30.0,40.0,/m/0j2kx,waterfall
4wj5n8MOHGA,30.0,40.0,/m/0j2kx,waterfall
514PCREZ8TI,12.0,22.0,/m/01h82_,engine
5DmQYRQz2y4,70.0,80.0,/t/dd00134,car_passing_by
5FiUKC97TSo,30.0,40.0,/m/02mfyn,car_alarm
5FvDc0UBAZo,50.0,60.0,/t/dd00134,car_passing_by
5NqDdoLAUjE,30.0,40.0,/m/02_41,fire
5UDUNqwWuNs,240.0,250.0,/m/046dlr,alarm_clock
5VqrY6c-qpI,60.0,70.0,/m/07pws3f,shotgun
5WjiB-uInjY,160.0,170.0,/m/0d31p,vacuum_cleaner
5bpzZKsNDcg,30.0,40.0,/t/dd00018,pig
5cbhc17k5bw,480.0,490.0,/m/0fx9l,microwave_oven
5ibYhAoE5HI,30.0,40.0,/t/dd00134,car_passing_by
5lN_vNS5z8Y,250.0,260.0,/m/03w41f,bell
5otuWD5-Zhc,470.0,480.0,/m/03w41f,bell
5tYoOu6OsmM,80.0,90.0,/m/07sq110,laughing
5vWjl9S5EPo,30.0,40.0,/m/0j2kx,waterfall
60kn1weBK8M,310.0,320.0,/m/028ght,applause
60y9j_Dc-Xs,90.0,100.0,/m/0395lw,bell
61awfpVe49k,460.0,470.0,/m/01m2v,keyboard_typing
63bSko4WgwE,30.0,40.0,/m/07pp_mv,alarm
67m0XRgG4DU,0.0,10.0,/m/03cl9h,ice_cream_van
69ys5sgaWog,370.0,380.0,/m/028ght,applause
6J58hk6MMfE,120.0,130.0,/m/0j2kx,waterfall
6L9ihlpkB9U,10.0,20.0,/m/02z32qm,shotgun
6LDY1nbsZ2U,220.0,230.0,/m/0fd3y,ambient_music
6QAJi8OPLi4,250.0,260.0,/m/01d3sd,snoring
6R7-SJPID_I,30.0,40.0,/m/0fx9l,microwave_oven
6WiolwEwStI,530.0,540.0,/m/0d31p,vacuum_cleaner
6bGL2nBJpuE,30.0,40.0,/m/07r4wb8,knock
6c6uMuN42bk,80.0,90.0,/m/01w250,whistling
6ipDwi_KdlE,40.0,50.0,/m/01d3sd,snoring
6j76kSyiOCA,90.0,100.0,/m/014zdl,explosion
6kYZXki6D7Q,40.0,50.0,/m/03l9g,hammer
6uau40iIjC0,200.0,210.0,/m/0lyf6,breathing
6zd0ygwnsGM,30.0,40.0,/m/07pp8cl,telephone
71Jr2ieXhyI,30.0,40.0,/m/0d31p,vacuum_cleaner
782irv2y6W0,190.0,200.0,/m/03l9g,hammer
7FgIsmlsXtM,30.0,40.0,/m/03v3yw,keys_jangling
7GEiPdnqJUw,20.0,30.0,/m/0c3f7m,fire_alarm
7Leh-jVFjjg,14.0,24.0,/m/014zdl,explosion
7MbfnA1kLyQ,0.0,10.0,/m/01bjv,bus
7NVPQMMdadM,30.0,40.0,/m/0fx9l,microwave_oven
7P-1BJ1A9ME,2.0,12.0,/m/03wwcy,doorbell
7Q0yxu0ogAI,40.0,50.0,/m/0j2kx,waterfall
7bdrH_w1uqA,130.0,140.0,/m/01hsr_,sneeze
7g2YcKAGiMM,440.0,450.0,/m/01w250,whistling
7gJBTH8fa0Y,30.0,40.0,/m/0j2kx,waterfall
7jgUDd8cDXo,0.0,10.0,/m/01w250,whistling
7kSnT29G2AQ,340.0,350.0,/m/07sq110,laughing
7kXIkaDvT44,140.0,150.0,/m/0j2kx,waterfall
7o_n7rdj8Vs,0.0,10.0,/m/07qqyl4,explosion
7oxagz-I-ag,140.0,150.0,/m/03wvsk,hair_dryer
7pbZPYKcXb8,30.0,40.0,/m/01j4z9,chainsaw
7qCakj3VLW4,40.0,50.0,/m/0d31p,vacuum_cleaner
7sDj5urnUoI,60.0,70.0,/m/07sq110,laughing
7vsJm1Yw0Gc,30.0,40.0,/t/dd00134,car_passing_by
7wXfKPtFNpE,30.0,40.0,/m/0c2wf,typewriter
89QvaK9Zffc,200.0,210.0,/m/07sr1lc,screaming
8B3cEMueaDc,250.0,260.0,/m/02_41,fire
8Q3pHpuxZRg,460.0,470.0,/m/0fd3y,ambient_music
8SYLYWR47EE,30.0,40.0,/t/dd00134,car_passing_by
8YoDTfC4oqw,560.0,570.0,/m/0j2kx,waterfall
8dy0NkwIT-A,100.0,110.0,/m/03wvsk,hair_dryer
8kRkchBWPWU,19.0,29.0,/m/03v3yw,keys_jangling
8mNRc0NGZzc,160.0,170.0,/m/0c2wf,typewriter
8mrFvoLINIM,30.0,40.0,/m/0fx9l,microwave_oven
8oa7QzW-IBc,90.0,100.0,/m/014zdl,explosion
8ryifCe_sIU,20.0,30.0,/m/02_41,fire
8shbCFdh37w,10.0,20.0,/m/0j2kx,waterfall
8stTQGZ0RAw,0.0,10.0,/m/0j2kx,waterfall
8u5lBv4gHaA,40.0,50.0,/m/0j2kx,waterfall
8wpzhcVh5wM,28.0,38.0,/t/dd00018,pig
8yRROnG0-lA,30.0,40.0,/t/dd00134,car_passing_by
8ySFFOeBGEs,30.0,40.0,/m/01j4z9,chainsaw
94Y_QnedxB8,11.0,21.0,/m/0c2wf,typewriter
96zsAM96ywU,40.0,50.0,/m/01h82_,engine
9CCRS3MCwXI,30.0,40.0,/m/02_41,fire
9EsNtRXnYbE,30.0,40.0,/t/dd00134,car_passing_by
9KOVeB4rAQY,240.0,250.0,/m/01w250,whistling
9Kdg5U8AXrQ,280.0,290.0,/m/028ght,applause
9Pd12SkMum4,100.0,110.0,/m/02_41,fire
9S1BddmLYMA,60.0,70.0,/m/01hsr_,sneeze
9VJL-ktypNw,0.0,6.0,/m/03wwcy,doorbell
9WAK0ufttVQ,40.0,50.0,/m/03wvsk,hair_dryer
9ZBR-dTCPrg,80.0,90.0,/m/03qc9zr,screaming
9bEc6mhrnLI,400.0,410.0,/m/03qc9zr,screaming
9bIchzOP8PA,20.0,30.0,/m/01w250,whistling
9hJigrKndKw,30.0,40.0,/m/0fx9l,microwave_oven
9o0Dg9GhEx8,490.0,500.0,/m/02z32qm,shotgun
9qD1Q8z8MFQ,30.0,40.0,/m/01w250,whistling
9sa_1TmY588,200.0,210.0,/m/0j2kx,waterfall
9xO4zF1fJgA,30.0,40.0,/m/028ght,applause
A-0Ay8G48wo,180.0,190.0,/m/03l9g,hammer
A-E7TsAkUT4,15.0,25.0,/m/01hsr_,sneeze
A1ak2lKtjTk,30.0,40.0,/m/016622,bell
A3Li869kKPU,30.0,40.0,/m/03l9g,hammer
A437a4Y_xag,230.0,240.0,/m/02mfyn,car_alarm
A4sXDN1fHLo,30.0,40.0,/m/03l9g,hammer
A5orLtocLMA,27.0,37.0,/m/0d31p,vacuum_cleaner
A7F5i0yASIw,350.0,360.0,/m/03l9g,hammer
A7v7zrZZEjA,10.0,20.0,/m/09ct_,helicopter
A8sju2x5nhE,340.0,350.0,/m/01w250,whistling
ABrN6IY_pfE,180.0,190.0,/m/0d31p,vacuum_cleaner
ACWbGbxw88g,150.0,160.0,/m/01m2v,keyboard_typing
AFY3Mn_j0e8,30.0,40.0,/m/02mfyn,car_alarm
AK0aZ--9C6g,30.0,40.0,/m/07r4wb8,knock
AKMuR1-yWAc,420.0,430.0,/m/01h8n0,conversation
AKNRlnISKmo,12.0,22.0,/m/0d31p,vacuum_cleaner
ANNgKbPavbY,480.0,490.0,/m/03wvsk,hair_dryer
AUcEDg2iJWg,20.0,30.0,/m/0d31p,vacuum_cleaner
AVIplOV78Rw,50.0,60.0,/m/0g6b5,fireworks
Ad7eEJyLcyw,30.0,40.0,/m/016622,bell
AdTSpfTB0C8,190.0,200.0,/m/02mfyn,car_alarm
AeLvUayUxy0,0.0,10.0,/m/0j2kx,waterfall
Agi5ySKb1tY,23.7,33.7,/m/0c2wf,typewriter
AmP1CbovFcs,230.0,240.0,/m/046dlr,alarm_clock
ApJA85gwNFo,30.0,40.0,/m/0l15bq,clapping
ArBDKeED_xA,70.0,80.0,/m/0d31p,vacuum_cleaner
Aty2HP9Zr7g,30.0,40.0,/m/01j4z9,chainsaw
Au32Qi1j8Z0,210.0,220.0,/m/04zmvq,train_whistle
AzZsdF3nf9g,30.0,40.0,/m/09ct_,helicopter
B-XS7rGmG0o,30.0,40.0,/m/0l15bq,clapping
B27Rhx0m4dw,0.0,10.0,/m/01w250,whistling
B4k036R3wQE,18.0,28.0,/m/01y3hg,smoke_alarm
B8vWu_8foaA,30.0,40.0,/m/01b82r,hand_saw
BBHrgydyuW0,30.0,40.0,/m/03wvsk,hair_dryer
BBYIJjcxapk,30.0,40.0,/m/02mfyn,car_alarm
BEjKBSLm2fc,10.0,20.0,/m/06_y0by,environmental_noise
BFPSKB99Anw,0.0,10.0,/m/06_y0by,environmental_noise
BGag_9faOuA,7.0,17.0,/m/0912c9,car_horn
BH9nlxRHPD4,90.0,100.0,/m/0c2wf,typewriter
BHH8J89mAFQ,460.0,470.0,/m/025td0t,background_music
BHoQSFUkZvs,100.0,110.0,/m/0j2kx,waterfall
BIK1Ds79KVM,120.0,130.0,/m/0c3f7m,fire_alarm
BJ8up8BXMjg,570.0,580.0,/m/03wwcy,doorbell
BLnOPA7oMxY,370.0,380.0,/m/028ght,applause
BMcKVcaBDFk,540.0,550.0,/m/01lsmm,scissors
BRK2rXjsn_s,200.0,210.0,/m/01b82r,hand_saw
BTZiBsqBMWo,250.0,260.0,/m/0d31p,vacuum_cleaner
B_hJGfaCXq8,30.0,40.0,/m/0g6b5,fireworks
Bh2dm_FYKpE,30.0,40.0,/t/dd00002,infant_cry
Bh4oxwlwQMY,86.1,96.1,/m/01y3hg,smoke_alarm
BhkX37Oj6CI,60.0,70.0,/m/02dgv,door
BmF0NaiBp0I,30.0,40.0,/m/07r10fb,pouring_water
BtkN3c-m4rE,30.0,40.0,/m/01h82_,engine
Bvxvfq5GUI4,80.0,90.0,/m/07pp_mv,alarm
ByNnZshszLM,240.0,250.0,/m/0j2kx,waterfall
BzI6PnwP1EI,80.0,90.0,/m/0j2kx,waterfall
C6hw9F5BWMI,120.0,130.0,/m/02z32qm,shotgun
C8ObS1VYVI4,30.0,40.0,/m/01b82r,hand_saw
C9K93AUFuvk,0.0,10.0,/m/07pp_mv,alarm
C9SbW7DnSho,50.0,60.0,/m/02_41,fire
CFgNAjfwmvw,6.0,16.0,/m/046dlr,alarm_clock
CJY1jAEp3oQ,120.0,130.0,/m/03wvsk,hair_dryer
CJkSwnfNQeA,30.0,40.0,/m/0fx9l,microwave_oven
CLgzTSgUu5U,70.0,80.0,/m/03w41f,bell
CNETKbKHhwc,0.0,5.0,/m/014zdl,explosion
CP_Otoy4hhA,150.0,160.0,/m/046dlr,alarm_clock
CUYyGU_I-S8,150.0,160.0,/m/01w250,whistling
CeIiAEQTbhY,0.0,5.0,/m/03qc9zr,screaming
Cilm0WNRdCo,5.0,15.0,/m/01lsmm,scissors
Cwf2_jLSkSE,0.0,10.0,/m/016622,bell
Cwt3ChZeJT0,30.0,40.0,/m/014zdl,explosion
Czmb6tEwFE8,0.0,5.0,/m/03qc9zr,screaming
D05sefx0n2U,10.0,20.0,/m/0lyf6,breathing
D8UVrqlv0BM,370.0,380.0,/m/03l9g,hammer
D9HNFEb9mX0,30.0,40.0,/m/01j4z9,chainsaw
DBGoQrJIBHI,30.0,40.0,/m/03wvsk,hair_dryer
DEBKRavuTfM,10.0,20.0,/m/0l15bq,clapping
DFLDW-560HQ,30.0,40.0,/m/03w41f,bell
DHHxfs_kQ1c,70.0,80.0,/m/03wvsk,hair_dryer
DIKFIlcXlB4,30.0,40.0,/m/0j2kx,waterfall
DITadeFq088,0.0,7.0,/m/07pp_mv,alarm
DPZzzJrgzqo,220.0,230.0,/m/03l9g,hammer
DTs5xUIK_Tw,30.0,40.0,/m/0llzx,sewing_machine
DZMjLzl3OkA,210.0,220.0,/m/0fd3y,ambient_music
DgWIUfxm2Iw,310.0,320.0,/m/03wvsk,hair_dryer
DjpqhkMT6Fg,310.0,320.0,/m/0d31p,vacuum_cleaner
DndWzbgvKws,20.0,30.0,/m/0g6b5,fireworks
DngdndkOhLo,40.0,50.0,/m/03l9g,hammer
DoDHKl7VDno,10.0,20.0,/m/01d3sd,snoring
DqEQgTviksM,10.0,20.0,/m/0fx9l,microwave_oven
DqvZwo2qhIo,0.0,10.0,/m/0llzx,sewing_machine
DrbKZ9VFuw4,18.0,28.0,/m/01w250,whistling
DytM8WDRqwg,12.0,22.0,/m/046dlr,alarm_clock
E-J9vzpZFn4,50.0,60.0,/m/02_41,fire
E0Tvx4FX0_k,330.0,340.0,/m/01lsmm,scissors
E1AGyM0arxY,10.0,20.0,/m/02z32qm,shotgun
E3LObo1RPWI,30.0,40.0,/m/07r10fb,pouring_water
E5Re9mEEqXM,30.0,40.0,/m/0d31p,vacuum_cleaner
E6B81rrUlnE,440.0,450.0,/m/0395lw,bell
E6ETVQXtoIk,250.0,260.0,/m/01w250,whistling
E6JR3htwgyE,0.0,10.0,/m/0395lw,bell
E9Dewvs_3Qk,30.0,40.0,/m/016622,bell
EAL2vM8INKI,0.0,10.0,/m/0c2wf,typewriter
EGyUtUo1vRk,270.0,280.0,/m/01w250,whistling
EHgzJwWi5vg,24.0,34.0,/m/07pp_mv,alarm
EIAtOZz7fN8,30.0,40.0,/m/03v3yw,keys_jangling
EILIQCmx-EY,0.0,10.0,/m/06_y0by,environmental_noise
EJA70LFhuKY,30.0,40.0,/m/0fx9l,microwave_oven
ERpBHP3sKkM,10.0,20.0,/m/07r4wb8,knock
ET5ES_WFGY0,110.0,120.0,/m/0fd3y,ambient_music
EV68EeWYMLE,30.0,40.0,/m/01h82_,engine
EYC7cK5OgyA,80.0,90.0,/m/0d31p,vacuum_cleaner
Ed2sxrdt8vQ,30.0,40.0,/t/dd00002,infant_cry
Ep2hoGjt_Hk,50.0,60.0,/m/01w250,whistling
EpX_SYq0ids,17.0,27.0,/m/046dlr,alarm_clock
Erib847YFwc,160.0,170.0,/m/01hsr_,sneeze
EwKHfpGC98M,20.0,30.0,/m/0fx9l,microwave_oven
F--Eig3jQIY,0.0,10.0,/m/07prgkl,pouring_water
F6H_WgWV8MI,70.0,80.0,/m/03l9g,hammer
FEVRv0JwVF0,20.0,30.0,/m/06_y0by,environmental_noise
FFzsxrTyiV0,20.0,30.0,/m/016622,bell
FGCiI2ULAjU,1.0,11.0,/m/07r4wb8,knock
FGaosBHdFMA,160.0,170.0,/m/07qqyl4,explosion
FHU4R4mbyEE,0.0,10.0,/m/046dlr,alarm_clock
FKJuDOAumSk,20.0,30.0,/m/02mfyn,car_alarm
FMuojRqMdJ4,260.0,270.0,/m/07cx4,telephone
FO7z0blDReU,30.0,40.0,/m/016622,bell
FOxIDRWTHZc,30.0,40.0,/m/03wvsk,hair_dryer
FQdQhV1yjfc,160.0,170.0,/m/01w250,whistling
FS62c_NpHa8,60.0,70.0,/m/0j2kx,waterfall
FUaEvKxWtNQ,11.0,21.0,/m/03w41f,bell
FV5aUqnyr8Y,510.0,520.0,/m/0fx9l,microwave_oven
FVCRLbEup3s,0.0,10.0,/m/03v3yw,keys_jangling
FYMgq-p6FHM,20.0,30.0,/m/01d3sd,snoring
FeXBUFwh22o,120.0,130.0,/m/0j2kx,waterfall
FtxLB0C4vsM,220.0,230.0,/m/03wvsk,hair_dryer
FyQuHLiMuIk,6.0,16.0,/t/dd00134,car_passing_by
FzdZ5lPvQEw,390.0,400.0,/m/0d31p,vacuum_cleaner
FzhypkGmdBA,260.0,270.0,/m/028ght,applause
G0uFERXjyWg,0.0,10.0,/m/0g6b5,fireworks
G1gm5FyHpw0,160.0,170.0,/m/028ght,applause
GBxibZqlm5M,60.0,70.0,/m/01d3sd,snoring
GErt8IRMRks,410.0,420.0,/m/02z32qm,shotgun
GI-5X9Xm_64,220.0,230.0,/m/01lsmm,scissors
GI7SIuqRPhE,30.0,40.0,/m/01h82_,engine
GSlve5cn8B8,78.0,88.0,/m/0l15bq,clapping
GUQ9YKKKWXY,40.0,50.0,/m/07c52,television
GUuBvIimNqo,30.0,40.0,/t/dd00018,pig
GX5cHG90ctA,0.0,6.0,/m/07r4wb8,knock
Gax-5J_0MLM,17.0,27.0,/m/01w250,whistling
Gb9DUjw8b74,100.0,110.0,/m/03wvsk,hair_dryer
Gh8pcu-QU78,40.0,50.0,/m/0g6b5,fireworks
GhV2uSuSsAs,80.0,90.0,/m/02mfyn,car_alarm
Gpk-aZXZN10,60.0,70.0,/m/07pp_mv,alarm
GqLIHSRnM3E,170.0,180.0,/m/03w41f,bell
GtXqbyYA7Ro,130.0,140.0,/m/01w250,whistling
Gx9hRJxmncQ,11.0,21.0,/m/03l9g,hammer
GyN1Rk7qE7A,500.0,510.0,/m/016622,bell
GyXX4y8T38M,90.0,100.0,/m/01lsmm,scissors
GyygYycarL0,80.0,90.0,/m/0c3f7m,fire_alarm
H1_goqYytHU,30.0,40.0,/m/01h82_,engine
H7xKYPGjhhg,30.0,40.0,/t/dd00134,car_passing_by
H9lwtewdd0o,70.0,80.0,/m/01hsr_,sneeze
HDmjFxg6i3A,120.0,130.0,/m/0j2kx,waterfall
HL-SGox-Ez0,30.0,40.0,/m/03w41f,bell
HRMzUEKNF_g,230.0,240.0,/m/0llzx,sewing_machine
HY9eoVjq0J8,20.0,30.0,/m/01lsmm,scissors
HYMNRiwp3jQ,570.0,580.0,/m/06_y0by,environmental_noise
HYqhoLkjMGQ,220.0,230.0,/m/02z32qm,shotgun
HbY_u2-Oaqs,6.0,16.0,/t/dd00018,pig
Ho9r2sbfGfA,0.0,9.0,/m/02mfyn,car_alarm
Htcox5E1n68,50.0,60.0,/g/122z_qxw,fireworks
IBvCvHfsG4M,150.0,160.0,/m/03l9g,hammer
ICnsQ7zkpxc,130.0,140.0,/m/0d31p,vacuum_cleaner
IJ72I5FvEIc,30.0,40.0,/m/0d31p,vacuum_cleaner
IKhNyJSvFK0,150.0,160.0,/m/0d31p,vacuum_cleaner
IM47_WohcnA,5.0,15.0,/t/dd00002,infant_cry
IV8YevS0PYc,0.0,2.0,/m/02mfyn,car_alarm
IWxlWrfpk_g,40.0,50.0,/m/01w250,whistling
IZykuqhXVhY,30.0,40.0,/m/03v3yw,keys_jangling
IcWvLFL1SCc,30.0,40.0,/m/01h82_,engine
Ig9iIY9yyuA,430.0,440.0,/m/03wvsk,hair_dryer
IhAHIpIzCyI,190.0,200.0,/m/0j2kx,waterfall
IlbMFaTfIPs,200.0,210.0,/m/03cl9h,ice_cream_van
In9FM4xhmkA,20.0,30.0,/m/028ght,applause
Iocy_TZAT3U,410.0,420.0,/m/03l9g,hammer
Ioogyqu0cBo,30.0,40.0,/m/07r4wb8,knock
Iqloknh8ueA,12.0,22.0,/m/07r4wb8,knock
IrHyEv2yxb0,230.0,240.0,/m/03l9g,hammer
IsVHwMN_Mnw,30.0,40.0,/m/01h8n0,conversation
Iu1nK9ixxAc,0.0,10.0,/m/01h8n0,conversation
Iu7yKOCPHAM,60.0,70.0,/m/016622,bell
IusuWEAoIoY,30.0,40.0,/m/03w41f,bell
J1sQvMmsOdA,280.0,290.0,/m/02z32qm,shotgun
J3kJTky_5c0,150.0,160.0,/m/03qc9zr,screaming
J5MslZSjCuk,470.0,480.0,/m/06_y0by,environmental_noise
J5d1-encXPk,300.0,310.0,/m/03wvsk,hair_dryer
J7fPxThIeGc,570.0,580.0,/m/02z32qm,shotgun
JGjjYIjvNwE,380.0,390.0,/m/03wvsk,hair_dryer
JHIfkGns06o,150.0,160.0,/m/03w41f,bell
JL76D1HWv-U,550.0,560.0,/m/03wwcy,doorbell
JLnOnsZBP4E,200.0,210.0,/m/03l9g,hammer
JLyjEE1UKaU,30.0,40.0,/m/01j4z9,chainsaw
JSPw2UEvMDM,0.0,10.0,/g/122z_qxw,fireworks
JV31wOPhVaU,10.0,20.0,/m/06_y0by,environmental_noise
JVByRyvvPNk,260.0,270.0,/m/0j2kx,waterfall
JW36HYLa4E4,0.0,9.0,/m/01y3hg,smoke_alarm
JWn_MiDe2_w,130.0,140.0,/m/0c2wf,typewriter
Jj9orXFko0Y,30.0,40.0,/m/0395lw,bell
JjC4SzZwjJg,50.0,60.0,/m/02_41,fire
Jl6PuLEhxN8,110.0,120.0,/m/0g6b5,fireworks
Jm6KScwr0NE,80.0,90.0,/m/03l9g,hammer
JoP-iqBMmi4,10.0,20.0,/m/016622,bell
JsDnNPMmdes,250.0,260.0,/m/0j2kx,waterfall
JuaiNGsbGxE,30.0,40.0,/m/03w41f,bell
Jui1bVoD8vo,30.0,40.0,/m/01w250,whistling
JuwUu6Jg7J4,430.0,440.0,/m/04zmvq,train_whistle
K3z6Wi3kpNY,30.0,40.0,/m/01d3sd,snoring
K5TkfFZk-ro,0.0,10.0,/m/02_41,fire
K5h6KIIukHc,30.0,40.0,/m/028ght,applause
KCNFN9LhgmY,40.0,50.0,/m/0j2kx,waterfall
KH0nANcs4Kc,280.0,290.0,/m/02z32qm,shotgun
KLQvTApN-60,310.0,320.0,/m/014yck,aircraft_engine
KNqoXUYBxZ0,7.0,17.0,/m/02mfyn,car_alarm
KOC3GuBco5E,510.0,520.0,/m/07pbtc8,footsteps
KXOFHySQG1c,20.0,30.0,/m/04zmvq,train_whistle
KkUFgoU_LO0,80.0,90.0,/m/03l9g,hammer
KlVkArn952g,440.0,450.0,/m/01h8n0,conversation
KqiZ1XaagYc,140.0,150.0,/m/0llzx,sewing_machine
Kzta4DN8joI,30.0,40.0,/t/dd00134,car_passing_by
L6eIklz38nw,260.0,270.0,/m/02dgv,door
LAd46APKqLE,40.0,50.0,/m/01d3sd,snoring
LAj-4YhlK7g,2.0,12.0,/m/07pws3f,shotgun
LCTL-WJhDVw,30.0,40.0,/m/04zmvq,train_whistle
LDquwvZt8zs,10.0,20.0,/m/02mfyn,car_alarm
LJ0RTahP_DU,300.0,310.0,/m/03v3yw,keys_jangling
LMzTjjnxaSY,450.0,460.0,/m/01lsmm,scissors
LNwCQ3DN8kw,460.0,470.0,/m/03l9g,hammer
LRt6lu7S70U,110.0,120.0,/m/07cx4,telephone
LRyeCtZnuCE,120.0,130.0,/m/0j2kx,waterfall
LUwCJvp12yA,0.0,10.0,/m/07pws3f,shotgun
LdiE2UM_dFA,220.0,230.0,/m/07qqyl4,explosion
Lf_fYuh9aD8,30.0,40.0,/m/07c52,television
LfiBsenSxu4,30.0,40.0,/m/07r10fb,pouring_water
LgvCUGFVgT0,120.0,130.0,/m/016622,bell
Ln0Epmhtvao,150.0,160.0,/m/016622,bell
Ln3CVQnxz8A,330.0,340.0,/m/07prgkl,pouring_water
LwE3Jt6Q78M,0.0,10.0,/m/01w250,whistling
LxUDDBAlhjU,430.0,440.0,/m/01j4z9,chainsaw
LyKZes38XXw,80.0,90.0,/t/dd00001,baby_laughter
MBWwU5fP1Ws,30.0,40.0,/m/01h82_,engine
MBbI_av8TPk,350.0,360.0,/m/0fd3y,ambient_music
MK1NzQm9XaQ,60.0,70.0,/m/0l15bq,clapping
MKM3Rs5Kg8c,300.0,310.0,/m/0d31p,vacuum_cleaner
MLY__fadQAw,40.0,50.0,/m/02mfyn,car_alarm
MM0_2pgWQqA,30.0,40.0,/m/01w250,whistling
MN7D6xuIljk,290.0,300.0,/m/01w250,whistling
MPUD6-BJHbM,190.0,200.0,/m/01j4z9,chainsaw
MWJZVSUJHVE,0.0,10.0,/m/03w41f,bell
MXmWFHB0HLM,310.0,320.0,/m/07c52,television
MZssGuD0KhE,200.0,210.0,/m/03wvsk,hair_dryer
Ma_myoeBN1c,10.0,20.0,/m/0d31p,vacuum_cleaner
MclbaYtc94E,520.0,530.0,/m/025td0t,background_music
McwJQR6vKDA,10.0,20.0,/m/02_41,fire
Mk23vQxKr6U,140.0,150.0,/m/03w41f,bell
MkHqlntDmkI,2.0,12.0,/m/03v3yw,keys_jangling
MpUdDEbFJE8,300.0,310.0,/m/0llzx,sewing_machine
MqbjdU-Jzdk,110.0,120.0,/m/02z32qm,shotgun
MsBB8ajopRg,30.0,40.0,/m/01h82_,engine
MtyO_Dh8S1o,20.0,30.0,/m/01d3sd,snoring
Mul6x5eHi_E,20.0,30.0,/m/01lsmm,scissors
MuvuZhHeM3s,490.0,500.0,/m/0g6b5,fireworks
Mw6qbBeBvLM,50.0,60.0,/m/01hsr_,sneeze
Mx_JJSIfIks,10.0,20.0,/m/06_y0by,environmental_noise
MzBS9C6ICnM,0.0,10.0,/m/07pbtc8,footsteps
N00bYlxRgnE,30.0,40.0,/m/046dlr,alarm_clock
N2SDcbOESXI,340.0,350.0,/m/01w250,whistling
N3yLARaRIYU,250.0,260.0,/m/07qqyl4,explosion
NAJi3ld-_8E,200.0,210.0,/m/0fd3y,ambient_music
NETQtgbQ9-s,0.0,10.0,/m/01w250,whistling
NMWa9nRf5uI,330.0,340.0,/m/016622,bell
NQvwR2jkVUo,540.0,550.0,/m/01lsmm,scissors
NTFCiilGlpo,30.0,40.0,/m/03l9g,hammer
NTlmd-HY3Jw,0.0,7.0,/m/016622,bell
NbEVOJKxsBA,440.0,450.0,/m/01d3sd,snoring
NfDtYPwPz7Y,230.0,240.0,/m/0fd3y,ambient_music
NkFdbUx87ko,150.0,160.0,/m/0c2wf,typewriter
NkXnFG08OjY,480.0,490.0,/m/07r10fb,pouring_water
Npbs_4DZgEQ,520.0,530.0,/m/0395lw,bell
Nx3veQOSH2k,1.0,11.0,/m/028ght,applause
O4nx1_JhAUE,30.0,40.0,/m/01h82_,engine
O97_4xoYq8A,110.0,120.0,/m/028ght,applause
OBhiAEjh0zk,0.0,10.0,/m/07prgkl,pouring_water
OMApGp219Zc,10.0,20.0,/m/0395lw,bell
Oa2Os8eOUjs,30.0,40.0,/t/dd00134,car_passing_by
ObQH8sSi4K8,30.0,40.0,/m/03w41f,bell
Oy6ZIUzdKjs,270.0,280.0,/m/02z32qm,shotgun
P2xCq4aIum0,160.0,170.0,/m/09ct_,helicopter
P8aSlb_yb9g,9.0,19.0,/t/dd00134,car_passing_by
P94rcZSuTT8,30.0,40.0,/m/01bjv,bus
P9jc8E0aN3k,130.0,140.0,/m/03l9g,hammer
PMAy3dJbEGQ,130.0,140.0,/m/028ght,applause
PVUVDVyh8zM,30.0,40.0,/t/dd00002,infant_cry
PYpH_0Dhn5w,120.0,130.0,/m/03w41f,bell
P_oXjPQfHpM,250.0,260.0,/m/0g6b5,fireworks
P_tkRYMJK_M,80.0,90.0,/m/05tny_,dog
Paf4L4u6NDw,180.0,190.0,/m/07qqyl4,explosion
Pfo-OmErEfw,140.0,150.0,/m/0lyf6,breathing
PhzsA7H-myg,100.0,110.0,/m/07pbtc8,footsteps
PisJDUCdPqI,100.0,110.0,/m/09ct_,helicopter
Pk_Vhbgj8Lk,110.0,120.0,/m/06_y0by,environmental_noise
PrdMpLPUu3c,70.0,80.0,/m/01h82_,engine
PsuGhbGDAYw,10.0,20.0,/m/02_41,fire
Ptxjrmqo2Xo,140.0,150.0,/m/01j4z9,chainsaw
Pu2WDuFo0RA,40.0,50.0,/m/07prgkl,pouring_water
PutmxKNvMPw,350.0,360.0,/m/01y3hg,smoke_alarm
Pvwv32w0cXU,60.0,70.0,/m/01h8n0,conversation
PxjeXDgT6tY,20.0,30.0,/m/016622,bell
Q3i-nCScgi0,160.0,170.0,/m/01y3hg,smoke_alarm
Q4OHaBzqqBY,0.0,10.0,/m/01w250,whistling
Q67952dEguY,190.0,200.0,/g/122z_qxw,fireworks
Q78rr-gDhVE,90.0,100.0,/m/0llzx,sewing_machine
Q9DhGcV2OZs,160.0,170.0,/m/0c3f7m,fire_alarm
QBYtl0RfPIA,310.0,320.0,/m/03qc9zr,screaming
QHNrZvmlB-E,0.0,10.0,/m/07pp8cl,telephone
QK8ehpclBzw,70.0,80.0,/m/01d3sd,snoring
QN8JhcutUBQ,30.0,40.0,/t/dd00018,pig
QQYaUYADJc8,6.0,16.0,/m/016622,bell
QRUqcDaxIfs,30.0,40.0,/m/028ght,applause
QVLJPQUOWbI,0.0,10.0,/m/01d3sd,snoring
QXO9tlwgvKc,50.0,60.0,/m/02mfyn,car_alarm
QYpcdUw2mAw,220.0,230.0,/m/01lsmm,scissors
QbIrDllRK4E,0.0,9.0,/t/dd00002,infant_cry
QfMn5NoHdes,30.0,40.0,/m/02_41,fire
QjZsj1ZdpaM,230.0,240.0,/m/02z32qm,shotgun
Qs-XpIXGafs,270.0,280.0,/m/01lsmm,scissors
R0ZNBQ6_htQ,30.0,40.0,/m/01h82_,engine
R2MSnjisxw4,15.0,25.0,/m/07pp_mv,alarm
R57_oQjvaWQ,100.0,110.0,/m/01bjv,bus
R8WB_-Pfd-I,0.0,7.0,/m/046dlr,alarm_clock
ROzDT_2gJAU,40.0,50.0,/m/03v3yw,keys_jangling
RPLYy1Xbwt4,40.0,50.0,/m/0l15bq,clapping
RREcC2GWsWQ,150.0,160.0,/m/01lsmm,scissors
RXveLMrsl3M,0.0,10.0,/m/07pp8cl,telephone
RjPErwhjgjc,30.0,40.0,/m/01m2v,keyboard_typing
Rn6UNgSaWvY,0.0,10.0,/m/0j2kx,waterfall
Rns8RlXyOMg,270.0,280.0,/m/01m2v,keyboard_typing
RtUwjXa_HmE,20.0,30.0,/m/016622,bell
RyS6-NlGYW4,70.0,80.0,/m/03l9g,hammer
Rz53WSJeUfs,30.0,40.0,/m/07pbtc8,footsteps
SAxndzJuM4A,0.0,2.0,/m/07pws3f,shotgun
SH4csdrlum0,110.0,120.0,/m/03wvsk,hair_dryer
SOhN5XBtpHA,10.0,20.0,/m/01d3sd,snoring
SQQgQ8wVfF0,30.0,40.0,/m/0c3f7m,fire_alarm
SUxfKJP4bJ4,40.0,50.0,/m/0d31p,vacuum_cleaner
SbUwQctvbHg,240.0,250.0,/m/0395lw,bell
Sdnv8043mdk,70.0,80.0,/m/0395lw,bell
SeZPEPbFQzc,20.0,30.0,/m/01lsmm,scissors
SfXACvRRasI,20.0,30.0,/g/122z_qxw,fireworks
SjVxsxc-78s,500.0,510.0,/m/03wvsk,hair_dryer
SkuZ6fwsehw,60.0,70.0,/m/07prgkl,pouring_water
SqsmuNOtmwM,30.0,40.0,/m/01w250,whistling
Sv2uqexdbTE,50.0,60.0,/t/dd00134,car_passing_by
Sv9fcuRfk2o,70.0,80.0,/m/02mfyn,car_alarm
TA57n2roc6s,60.0,70.0,/m/02mfyn,car_alarm
TDOJwAV0g0o,30.0,40.0,/m/02z32qm,shotgun
TGtl7C93Nnk,160.0,170.0,/m/016622,bell
TNySqAlo99M,20.0,30.0,/m/01d3sd,snoring
TO8KNt8rckw,50.0,60.0,/m/07pp_mv,alarm
TV3Wpe0LpRc,70.0,80.0,/m/09ct_,helicopter
TX1ULjwUn5Q,140.0,150.0,/m/02z32qm,shotgun
TZG0cnju4wk,0.0,10.0,/m/07pp8cl,telephone
TaoySiaI-zQ,25.0,35.0,/m/01h82_,engine
Tfd2Fhr1HrQ,8.0,18.0,/m/03v3yw,keys_jangling
Tg6Kexjc9vc,30.0,40.0,/t/dd00018,pig
ThF0NS3ejok,310.0,320.0,/m/028ght,applause
ThYnNuVDTTk,0.0,10.0,/m/01y3hg,smoke_alarm
ThdvaONJxCg,30.0,40.0,/m/0d31p,vacuum_cleaner
TpFOD5O3Pk8,30.0,40.0,/t/dd00134,car_passing_by
Tw-Zwd19wFI,0.0,4.0,/m/07r4wb8,knock
TxMWCaxBmnc,80.0,90.0,/m/0llzx,sewing_machine
Txqu0u2R8Fo,100.0,110.0,/m/07sq110,laughing
Tz4APOJpZr4,30.0,40.0,/m/01lsmm,scissors
U0qylEK2EY8,30.0,40.0,/m/016622,bell
U2rJldz71T4,50.0,60.0,/m/03l9g,hammer
U3kMEKCTwuE,40.0,50.0,/m/03wwcy,doorbell
U5dlogM7k9g,150.0,160.0,/m/02_41,fire
U7Otog_CH_s,30.0,40.0,/m/0d31p,vacuum_cleaner
U9G3ZlU9H2M,230.0,240.0,/m/06_y0by,environmental_noise
UDl0qggDcJA,15.0,25.0,/m/016622,bell
UKuy5Xm1RyM,310.0,320.0,/m/0fx9l,microwave_oven
ULS3ffQkCW4,30.0,40.0,/m/02mfyn,car_alarm
UMqR7-ja_iI,4.0,14.0,/m/0l15bq,clapping
UPgrkkQl_F8,30.0,40.0,/m/01j4z9,chainsaw
UPohyk3ynFk,8.0,18.0,/t/dd00134,car_passing_by
URxsjJi1IL4,0.0,10.0,/m/07cx4,telephone
USHLC03XQIw,60.0,70.0,/m/01h8n0,conversation
UT-7S6D4MxI,150.0,160.0,/m/03v3yw,keys_jangling
UT05UUIBDDk,10.0,20.0,/m/02dgv,door
UTe0kjf8j4o,90.0,100.0,/m/01h8n0,conversation
UYDOaSk32-8,90.0,100.0,/m/03wvsk,hair_dryer
Uf9tBIOP9Ws,50.0,60.0,/m/0j2kx,waterfall
UjeIO8iXcYI,100.0,110.0,/m/016622,bell
UlVvWsYNy44,30.0,40.0,/t/dd00134,car_passing_by
UmOOGxXbEuc,30.0,40.0,/m/014zdl,explosion
UnD2YY2XHno,30.0,40.0,/m/07qrkrw,cat
UsiGW0W5VLE,90.0,100.0,/m/03wvsk,hair_dryer
Uu8m1oOWkiE,120.0,130.0,/m/0395lw,bell
Uylgb--QbqA,570.0,580.0,/m/01w250,whistling
V1W4k3ZMR-M,90.0,100.0,/m/06_y0by,environmental_noise
V9u9CgGerd0,210.0,220.0,/m/07sr1lc,screaming
VA20N0XZgKs,10.0,20.0,/m/0g6b5,fireworks
VCIm4ljZWac,30.0,40.0,/m/02mfyn,car_alarm
VFmpgHPUk8s,60.0,70.0,/m/03cl9h,ice_cream_van
VGSDDd4IaNQ,10.0,20.0,/m/016622,bell
VOk3SCDgZUs,60.0,70.0,/m/01lsmm,scissors
VP5mRLJtOEM,30.0,40.0,/m/07qrkrw,cat
VXFyLX6z0V8,410.0,420.0,/m/01w250,whistling
VbpHhTTiEfk,30.0,40.0,/m/01j4z9,chainsaw
Vg_y3i_rdnk,20.0,30.0,/m/03w41f,bell
VnnEO9NmWCk,110.0,120.0,/m/03wvsk,hair_dryer
Vog0eBervK4,30.0,40.0,/m/01j4z9,chainsaw
VttMBDi4k3E,30.0,40.0,/m/03w41f,bell
VvS7E4lHSmM,30.0,40.0,/m/0j2kx,waterfall
VxuMKb5CKI0,30.0,40.0,/m/03qc9zr,screaming
W-o0tTfwuOg,40.0,50.0,/t/dd00134,car_passing_by
W3wJP5gp4rE,10.0,20.0,/m/014zdl,explosion
W5TKOzpFWpo,110.0,120.0,/m/01j4z9,chainsaw
W8ls_HeuvMs,10.0,20.0,/m/0395lw,bell
WEyCINkkR-Q,41.0,51.0,/m/0c2wf,typewriter
WF6QmF1ZG9o,0.0,5.0,/m/0912c9,car_horn
WGSW5yAHb4Y,60.0,70.0,/m/01m2v,keyboard_typing
WH9D6yBJwQk,100.0,110.0,/m/03l9g,hammer
WOaXqolsvg8,30.0,40.0,/g/122z_qxw,fireworks
WlSHKXsyEOU,0.0,10.0,/m/0c3f7m,fire_alarm
WsTm5poQ15U,160.0,170.0,/m/02z32qm,shotgun
WyNgaxyxRg4,30.0,40.0,/m/016622,bell
WzmHLHBxn9U,320.0,330.0,/m/0d31p,vacuum_cleaner
X1PrlTv4_jw,190.0,200.0,/m/03wvsk,hair_dryer
X9Un4j8aZwY,30.0,40.0,/m/0c2wf,typewriter
XDwyGwyglMg,0.0,10.0,/t/dd00002,infant_cry
XEYvI2jrwDg,50.0,60.0,/m/03wvsk,hair_dryer
XHimm5QTqBE,0.0,10.0,/m/03w41f,bell
XKDr1e4_TkQ,150.0,160.0,/m/07prgkl,pouring_water
XMBE7ztd480,110.0,120.0,/m/0j2kx,waterfall
XP8F1T7dk94,40.0,50.0,/m/02mfyn,car_alarm
XUIizI20wDI,380.0,390.0,/m/0c3f7m,fire_alarm
XUaXlhcVxbs,160.0,170.0,/m/01w250,whistling
XVPC_DCdRms,310.0,320.0,/m/07c52,television
XX1ZzfFvYPc,460.0,470.0,/m/03l9g,hammer
XXGQb0FSuHQ,60.0,70.0,/m/0g6b5,fireworks
XZF7wso1wKs,110.0,120.0,/m/0j2kx,waterfall
XeL3BAgfvz8,430.0,440.0,/m/06_y0by,environmental_noise
XefOyd1nRUU,10.0,20.0,/m/02mfyn,car_alarm
XeqE7ZHdJZg,30.0,40.0,/t/dd00002,infant_cry
XgzRQ8OD8TE,30.0,40.0,/m/0c3f7m,fire_alarm
XilujFwtQFA,410.0,420.0,/g/122z_qxw,fireworks
XngB5MAPRgU,0.0,7.0,/m/03wvsk,hair_dryer
Xo6caJ4tcC4,50.0,60.0,/m/03wvsk,hair_dryer
XprqiWeGihg,7.0,17.0,/m/046dlr,alarm_clock
XrKDtjFM9Ec,290.0,300.0,/m/01w250,whistling
Xs-io7fGANo,70.0,80.0,/m/02z32qm,shotgun
Xu0J2UiyinY,580.0,590.0,/m/0j2kx,waterfall
XuBj6siHCTk,30.0,40.0,/m/016622,bell
XvKrLLfToV0,30.0,40.0,/m/01h82_,engine
XwU74AqNw3o,30.0,40.0,/t/dd00134,car_passing_by
Y0Aibvz4GS0,160.0,170.0,/m/02_41,fire
Y1l6PScgwmM,20.0,30.0,/m/03w41f,bell
Y27yN54l4kE,30.0,40.0,/t/dd00134,car_passing_by
Y2MwHholr3c,30.0,40.0,/m/016622,bell
Y3HULVoAkEo,80.0,90.0,/m/01lsmm,scissors
Y7A_l2g2QzI,20.0,30.0,/m/01w250,whistling
Y8sHHzZ6bS8,0.0,10.0,/m/028ght,applause
YBiSoKph78E,0.0,7.0,/t/dd00002,infant_cry
YIju3UFD-ow,200.0,210.0,/m/02mfyn,car_alarm
YMHAc6ziM5A,30.0,40.0,/t/dd00134,car_passing_by
YTapjEIgzkI,21.0,31.0,/m/01y3hg,smoke_alarm
YV95e7uBRG4,0.0,10.0,/m/016622,bell
YVFCuenVqpI,590.0,600.0,/m/03wvsk,hair_dryer
YX94Twfsi78,18.0,28.0,/m/01h82_,engine
Y_EoBE7CQe4,30.0,40.0,/m/09ct_,helicopter
Y_IGnsyr_Z4,200.0,210.0,/m/03wvsk,hair_dryer
YcI57jUphwc,30.0,40.0,/m/0g6b5,fireworks
YdLM3obic3w,230.0,240.0,/m/07prgkl,pouring_water
Yn9c4eODSvM,30.0,40.0,/m/016622,bell
YnBpwFgMWCU,480.0,490.0,/m/0g6b5,fireworks
Ynxg0xnrLZ0,310.0,320.0,/m/025td0t,background_music
YsOl6IoUGQI,290.0,300.0,/m/0c2wf,typewriter
YxZuWRiKvZw,40.0,50.0,/m/01j4z9,chainsaw
Z-4hWL2ceJQ,120.0,130.0,/m/016622,bell
Z2EZQghr7Mk,550.0,560.0,/m/01bjv,bus
Z46Phs4zxvA,100.0,110.0,/m/01w250,whistling
ZIT1maeaOPI,50.0,60.0,/m/03wvsk,hair_dryer
ZJ2AHS3pVro,7.0,17.0,/m/046dlr,alarm_clock
ZPDBaLv5y7w,580.0,590.0,/m/0llzx,sewing_machine
ZQZmQHNL9Tk,0.0,10.0,/m/03l9g,hammer
ZQqRtfuEJnk,300.0,310.0,/m/0d31p,vacuum_cleaner
ZSItez9gTyY,0.0,10.0,/m/0395lw,bell
ZSSbpvAdEWI,0.0,10.0,/m/0lyf6,breathing
ZT9bLGrzEik,400.0,410.0,/m/0d31p,vacuum_cleaner
ZTCHW13GZ4E,170.0,180.0,/m/0d31p,vacuum_cleaner
ZYZRnhNhUzA,510.0,520.0,/m/0d31p,vacuum_cleaner
ZZjuRFgKNys,10.0,20.0,/m/01d3sd,snoring
ZZv91Tz5BUY,330.0,340.0,/m/06_y0by,environmental_noise
Z_XZlEw2FZY,60.0,70.0,/m/01h8n0,conversation
Z_azJsKJL_4,0.0,10.0,/m/0j2kx,waterfall
Zb_aIF1Wb44,170.0,180.0,/m/02_41,fire
ZcPzG1adD74,150.0,160.0,/m/0d31p,vacuum_cleaner
Zf5gYtlz6Pw,0.0,10.0,/m/07pp8cl,telephone
ZthT5nwFkJg,60.0,70.0,/m/02_41,fire
ZvvCL0v9r_8,440.0,450.0,/m/07r67yg,doorbell
ZyOs0QyzR1E,90.0,100.0,/m/07r67yg,doorbell
_-CrlQhL3zs,30.0,40.0,/m/01j4z9,chainsaw
_0SSMHzeztw,30.0,40.0,/m/07pbtc8,footsteps
_0bOQtWbqVc,250.0,260.0,/m/0c2wf,typewriter
_CQnj74Ity8,590.0,600.0,/m/09ct_,helicopter
_H4iHqtGlAY,6.0,16.0,/m/01w250,whistling
_HuBeVlIrKI,40.0,50.0,/m/04zmvq,train_whistle
_JQvbbJbZp0,20.0,30.0,/m/016622,bell
_O8qSw4dxII,19.0,29.0,/m/01h82_,engine
_P7h4zyPWcQ,2.0,12.0,/m/07r67yg,doorbell
_QiSEHHRukc,30.0,40.0,/m/03wvsk,hair_dryer
_ROxgh3bJAU,200.0,210.0,/m/02mfyn,car_alarm
_Slo8QXYOp8,0.0,10.0,/m/0395lw,bell
_VLmOn4qST8,90.0,100.0,/m/0d31p,vacuum_cleaner
_W6MsOT3cI4,480.0,490.0,/m/07r10fb,pouring_water
_Xu8Pf4sQqQ,11.0,21.0,/t/dd00134,car_passing_by
_dV2Gtqo0UU,20.0,30.0,/m/09ct_,helicopter
_gYLw_iXfpI,30.0,40.0,/m/01h82_,engine
_uyAyiLZJsM,240.0,250.0,/m/0l15bq,clapping
_vpfycBBX2I,520.0,530.0,/m/0d31p,vacuum_cleaner
a6RiChF6JW4,60.0,70.0,/m/0d31p,vacuum_cleaner
a6lkhbf_HAc,570.0,580.0,/m/0j2kx,waterfall
a7sTljVHW6Q,30.0,40.0,/m/03cl9h,ice_cream_van
aDmhcvIIpgY,120.0,130.0,/m/01w250,whistling
aFjuOD6n_qU,0.0,10.0,/m/06_y0by,environmental_noise
aFynKC57CfI,30.0,40.0,/m/0c2wf,typewriter
aPE-vmZFR4I,100.0,110.0,/m/03l9g,hammer
aWxPsqi_wL4,60.0,70.0,/m/03v3yw,keys_jangling
aa_468eUE1o,100.0,110.0,/m/01w250,whistling
abSLhN9TLEw,300.0,310.0,/m/01hsr_,sneeze
aex7sFCh-tA,340.0,350.0,/m/07sq110,laughing
ammKLbpCiwU,10.0,20.0,/m/03w41f,bell
anujpzVRneY,20.0,30.0,/m/028ght,applause
aomaneVgUs0,50.0,60.0,/m/01w250,whistling
apAFcRFutFo,160.0,170.0,/m/0d31p,vacuum_cleaner
apaH7oczgoA,90.0,100.0,/m/02mfyn,car_alarm
asef1m3NUy4,70.0,80.0,/m/01j4z9,chainsaw
aslxfM0T8No,10.0,20.0,/m/03qc9zr,screaming
aszZlMhmhNw,0.0,10.0,/m/07r4wb8,knock
awb9dareQmM,10.0,20.0,/m/0lyf6,breathing
b0-A6z7d3JI,90.0,100.0,/m/03wvsk,hair_dryer
b28rQfs-Z2w,100.0,110.0,/m/02_41,fire
b4bIubTJPdM,90.0,100.0,/m/03w41f,bell
bKprreDuGTA,60.0,70.0,/g/122z_qxw,fireworks
bLGPtJU-HL4,0.0,10.0,/m/07prgkl,pouring_water
bLZRG3RN24c,280.0,290.0,/m/0lyf6,breathing
bLmMnXbhvto,100.0,110.0,/m/01d3sd,snoring
bMP3qOSuk-A,120.0,130.0,/m/02mfyn,car_alarm
bNY5Y_cjs-8,510.0,520.0,/m/07r10fb,pouring_water
bW-xjy5-a1s,30.0,40.0,/m/01w250,whistling
bZZmKqwk3ZY,290.0,300.0,/m/03l9g,hammer
bcPDLn77kx4,100.0,110.0,/m/03wvsk,hair_dryer
bgLHk4eb9nQ,30.0,40.0,/m/03wvsk,hair_dryer
bnC95hU7G_M,40.0,50.0,/m/025td0t,background_music
bpjMpKxsBAs,490.0,500.0,/m/03w41f,bell
bqe16Oxq_oQ,450.0,460.0,/m/07sq110,laughing
buZNF4Mkvfg,30.0,40.0,/m/01j4z9,chainsaw
c-f2RSZ_LxU,490.0,500.0,/m/03w41f,bell
c3QmxfOympg,50.0,60.0,/m/0lyf6,breathing
c40opYMsalk,200.0,210.0,/m/01lsmm,scissors
c78vWK0mU6g,30.0,40.0,/m/03wvsk,hair_dryer
c7tyck8VQKo,40.0,50.0,/m/02mfyn,car_alarm
cGUVJCaJti4,230.0,240.0,/m/0c2wf,typewriter
cH56_KM_fo8,20.0,30.0,/m/02z32qm,shotgun
cMatnDQqzjw,110.0,120.0,/m/02mfyn,car_alarm
cN2hPN5zAAQ,500.0,510.0,/m/01hsr_,sneeze
cR2zUNzOev8,160.0,170.0,/m/0d31p,vacuum_cleaner
cRoly4C2m3o,100.0,110.0,/m/016622,bell
cSXBv4wrT3A,30.0,40.0,/t/dd00134,car_passing_by
cWvVN0gxrFA,30.0,40.0,/m/016622,bell
cjXFIp4UyY0,18.0,28.0,/t/dd00134,car_passing_by
clJZQsQzGCA,490.0,500.0,/m/03w41f,bell
cmllUfmgZsY,110.0,120.0,/m/02_41,fire
czX8Ea6MvZE,0.0,10.0,/m/0fx9l,microwave_oven
d-QyPPL3LhU,29.0,39.0,/m/04zmvq,train_whistle
d2m2Xgelbo8,220.0,230.0,/m/06_y0by,environmental_noise
d3PrZeCmXd0,80.0,90.0,/m/03l9g,hammer
d66gSt9HeCI,90.0,100.0,/m/07r67yg,doorbell
d6p7LEM0d74,260.0,270.0,/m/02z32qm,shotgun
dCMBQWvkDek,0.0,10.0,/m/0fd3y,ambient_music
dDK8N-eXf7c,130.0,140.0,/m/0llzx,sewing_machine
dQmo5xYRUkk,160.0,170.0,/m/03l9g,hammer
dSvSguj99lI,70.0,80.0,/m/03wvsk,hair_dryer
dVUmBsUCR4w,320.0,330.0,/m/016622,bell
dYuuii0fIns,70.0,80.0,/m/0d31p,vacuum_cleaner
dhKZgvg9b14,50.0,60.0,/m/03qc9zr,screaming
di8GWxedDIE,30.0,40.0,/m/01h82_,engine
dnBZpY51lTE,7.0,17.0,/t/dd00018,pig
ds2vwZzy5gw,28.0,38.0,/m/09ddx,duck
dugQZNNnYK0,50.0,60.0,/m/0c2wf,typewriter
e-9XNuIthDg,18.0,28.0,/m/016622,bell
e2GV4ZOhfpU,60.0,70.0,/m/07r4wb8,knock
e469t9uiCZA,0.0,10.0,/m/0fx9l,microwave_oven
e4fDxck6HhQ,110.0,120.0,/m/01h82_,engine
e7mrGqwfJJI,360.0,370.0,/m/01h8n0,conversation
eB3TuLM-6ys,0.0,5.0,/m/0c2wf,typewriter
eDaAFyGOVZM,300.0,310.0,/m/01m2v,keyboard_typing
eE8qE5WF5Wc,90.0,100.0,/m/0c2wf,typewriter
eHcqH6qp9Tg,30.0,40.0,/m/02mfyn,car_alarm
eKQLEUPywM8,160.0,170.0,/g/122z_qxw,fireworks
eLDWoVd-K4o,30.0,40.0,/t/dd00018,pig
eLpoiPXQe1Q,0.0,10.0,/m/0c3f7m,fire_alarm
eNpFQ50WwQU,30.0,40.0,/m/03wvsk,hair_dryer
eRale39Z2Wg,1.0,11.0,/m/0c2wf,typewriter
eUHQcC4Mvpw,370.0,380.0,/m/016622,bell
eYwwhdVA3eM,300.0,310.0,/m/0j2kx,waterfall
eZvYi9PsAm8,0.0,10.0,/m/046dlr,alarm_clock
e_HhPw57sfA,110.0,120.0,/m/07pp_mv,alarm
ea0uee4xXL4,10.0,20.0,/m/0llzx,sewing_machine
eaFQ0O9Bzxg,0.0,10.0,/m/07r67yg,doorbell
eanZWgUZkmA,450.0,460.0,/m/07prgkl,pouring_water
efoanrO2giA,560.0,570.0,/m/03wvsk,hair_dryer
eibbW7B53Tc,140.0,150.0,/m/01m2v,keyboard_typing
ewJuQI95FEU,330.0,340.0,/m/0g6b5,fireworks
ex1J1fhotbU,70.0,80.0,/t/dd00134,car_passing_by
f0SxaRjXhEA,60.0,70.0,/m/02dgv,door
f0diQ4g3vuY,30.0,40.0,/t/dd00134,car_passing_by
f0nYKgkFvMM,7.0,17.0,/t/dd00002,infant_cry
f5AvBc2TTQQ,30.0,40.0,/m/01j4z9,chainsaw
f9KQdHfUlcs,30.0,40.0,/m/03wvsk,hair_dryer
fCljzvhZR4I,30.0,40.0,/m/03qc9zr,screaming
fFS3kxMFTH4,160.0,170.0,/m/07pws3f,shotgun
fIPsH57dZIY,22.0,32.0,/m/01w250,whistling
fLpLKstiULY,110.0,120.0,/m/0c3f7m,fire_alarm
fOvgWlyTdf4,100.0,110.0,/m/07c52,television
fULqRAn41Gk,30.0,40.0,/m/01h82_,engine
fWos7Z_zDgg,0.0,10.0,/m/014zdl,explosion
fse7DbNmyNs,410.0,420.0,/m/03cl9h,ice_cream_van
fvG7nQuLMn8,50.0,60.0,/m/01d3sd,snoring
fzmakPMuQus,0.0,10.0,/m/06_y0by,environmental_noise
g-x_OPlVpuo,10.0,20.0,/m/03wvsk,hair_dryer
g6R02u-Ck_E,20.0,30.0,/m/01w250,whistling
g7zWOJ1KzW8,10.0,20.0,/m/01d3sd,snoring
g8wdhSb01RY,0.0,10.0,/m/07pp_mv,alarm
gDLjyZzDFDQ,30.0,40.0,/m/03wvsk,hair_dryer
gFsrWHtBfkU,390.0,400.0,/m/03qc9zr,screaming
gGYIXl2u47w,170.0,180.0,/m/03l9g,hammer
gS6EJd0gxx8,80.0,90.0,/m/02_41,fire
gUnmimbP_lE,10.0,20.0,/m/01w250,whistling
gVgfohZexjk,510.0,520.0,/m/014zdl,explosion
gXpwexewzTE,20.0,30.0,/m/0395lw,bell
gY9rtF2vEOQ,20.0,30.0,/m/01hsr_,sneeze
gaSh66CPny8,120.0,130.0,/m/0llzx,sewing_machine
gelP4l9me1Y,280.0,290.0,/m/028ght,applause
giQhC1o1F18,30.0,40.0,/m/0d31p,vacuum_cleaner
gkZv2QS6c70,180.0,190.0,/m/01lsmm,scissors
gpKNvm70bsE,430.0,440.0,/m/0j2kx,waterfall
gp_D8r-2hwk,30.0,40.0,/m/014zdl,explosion
gqqcDn6PR34,120.0,130.0,/m/09ct_,helicopter
grHdbxhzaYc,190.0,200.0,/m/0fx9l,microwave_oven
grhlVfUgMF0,50.0,60.0,/m/07qqyl4,explosion
grs8dpaAM5o,440.0,450.0,/m/0lyf6,breathing
grtguGN6Tw0,30.0,40.0,/m/07r67yg,doorbell
gsXs1jCfR_A,250.0,260.0,/m/03wvsk,hair_dryer
gt_ubPDwXac,70.0,80.0,/m/0fx9l,microwave_oven
gwz2RRFSp_I,70.0,80.0,/m/03l9g,hammer
h86zLS_6M9Y,250.0,260.0,/m/03qc9zr,screaming
hCunjIRdSTE,0.0,9.0,/m/016622,bell
hDbcoVjLlks,60.0,70.0,/m/0c2wf,typewriter
hFTcS18hSn0,17.0,27.0,/m/0l15bq,clapping
hGQgIubTiTA,30.0,40.0,/t/dd00002,infant_cry
hKbLIAEsMQE,10.0,20.0,/m/01hsr_,sneeze
hR3MsCGVHN4,100.0,110.0,/m/07sq110,laughing
hRSRar3oQ7M,1.0,11.0,/m/03wvsk,hair_dryer
hSj_3aSS2rQ,340.0,350.0,/m/01lsmm,scissors
hTN99ep7VvQ,260.0,270.0,/m/01m2v,keyboard_typing
hWs6qu4ayAc,80.0,90.0,/m/0c3f7m,fire_alarm
hhrTjiFc1fw,10.0,20.0,/m/02mfyn,car_alarm
ho_Q4alkswk,140.0,150.0,/t/dd00134,car_passing_by
hzEUQKfAL98,30.0,40.0,/m/03l9g,hammer
i1AI2T1teUk,170.0,180.0,/m/0j2kx,waterfall
i3t9GvNirms,260.0,270.0,/m/03w41f,bell
i4t_TcTn9nI,29.0,39.0,/m/016622,bell
i5YpA-xDJCg,0.0,10.0,/m/0d31p,vacuum_cleaner
i6b7qo6h3O0,30.0,40.0,/m/0c2wf,typewriter
i7GrgCtwAKc,100.0,110.0,/m/03l9g,hammer
i8qBkZiuRl0,0.0,8.0,/m/07r67yg,doorbell
i91WlQ7-xEk,150.0,160.0,/m/03wvsk,hair_dryer
i9wsC1-1UOA,17.0,27.0,/m/01w250,whistling
iA_y5xWN9R8,30.0,40.0,/m/016622,bell
iHQAtkUDdGw,10.0,20.0,/m/046dlr,alarm_clock
iTCt2y66VTM,30.0,40.0,/t/dd00134,car_passing_by
iUGeL4Jwie4,30.0,40.0,/m/03wvsk,hair_dryer
iWEsrQx6A2U,300.0,310.0,/m/025td0t,background_music
iZcPr3wgJCw,30.0,40.0,/m/01h82_,engine
iag8d1ENKgk,0.0,5.0,/m/01z5f,dog
ibfk3CwArcQ,30.0,40.0,/m/07sq110,laughing
if8Oz8Q_GKE,50.0,60.0,/m/03w41f,bell
ikKyY9L1AD4,110.0,120.0,/m/0llzx,sewing_machine
ilr1YPqmEyM,110.0,120.0,/m/01h82_,engine
imVonxyW9I4,0.0,10.0,/m/07pws3f,shotgun
iq10bz3PxyY,250.0,260.0,/m/028ght,applause
iqf8-1wgM2c,30.0,40.0,/m/03wvsk,hair_dryer
iyMhOKBBK6E,430.0,440.0,/m/07pp8cl,telephone
iyn1OZFmvXE,30.0,40.0,/m/01w250,whistling
j-2zFMU1PJw,150.0,160.0,/m/03l9g,hammer
j8rYqLVl748,30.0,40.0,/m/0c2wf,typewriter
jEkklw_Hwkk,0.0,10.0,/m/02z32qm,shotgun
jLlr1dN3E3g,30.0,40.0,/m/0fx9l,microwave_oven
jM3KvKksGC8,30.0,40.0,/t/dd00018,pig
jR4xxRsuFFE,30.0,40.0,/m/01d3sd,snoring
jZxusrD28rM,30.0,40.0,/t/dd00134,car_passing_by
jlPw6hDNrqg,160.0,170.0,/m/02mfyn,car_alarm
jn1mSP8Hk8A,30.0,40.0,/t/dd00002,infant_cry
jpXQ-dD2-bk,30.0,40.0,/m/01w250,whistling
jxKqOOd2CY4,280.0,290.0,/m/01w250,whistling
jzAufWvuXEk,60.0,70.0,/m/03qc9zr,screaming
k-MqG-G_H0Y,17.0,27.0,/m/05tny_,dog
k3ep6MFhINI,30.0,40.0,/m/01w250,whistling
k6ra5xM5H7Y,120.0,130.0,/m/07sr1lc,screaming
k6xkbOCi7aY,10.0,20.0,/m/046dlr,alarm_clock
kAGXQUHmJsg,26.0,36.0,/t/dd00134,car_passing_by
kGKZ0YK4_rk,30.0,40.0,/m/0c3f7m,fire_alarm
kO_AKdCyuic,200.0,210.0,/m/06_y0by,environmental_noise
kQ5KzRQ_e7E,0.0,10.0,/m/03w41f,bell
kU09i50pg6o,70.0,80.0,/m/0c2wf,typewriter
kXApHFgX2HQ,80.0,90.0,/m/07pp_mv,alarm
kXHb-mZ4YVU,180.0,190.0,/m/046dlr,alarm_clock
kY0Gz-FU960,530.0,540.0,/m/0d31p,vacuum_cleaner
kYZPbv50Ag8,330.0,340.0,/m/03v3yw,keys_jangling
kYekWxe1cYE,0.0,3.0,/m/0fx9l,microwave_oven
kcNdIGJpvLM,30.0,40.0,/m/0c2wf,typewriter
kksZd-SAaCw,440.0,450.0,/m/03v3yw,keys_jangling
klY_rWHy_Bs,0.0,10.0,/m/07pbtc8,footsteps
kr6MJI36ge4,30.0,40.0,/t/dd00134,car_passing_by
krCoBVQZLiQ,30.0,40.0,/m/07pp_mv,alarm
ktDdwUEyb3A,0.0,10.0,/m/01m2v,keyboard_typing
kxdfSvvdZfo,140.0,150.0,/m/0d31p,vacuum_cleaner
l-rA9a34Mq4,310.0,320.0,/m/0g6b5,fireworks
l3ARyo7yFzo,30.0,40.0,/m/01h82_,engine
l3DJ2MJ5CzY,20.0,30.0,/m/03qc9zr,screaming
l5sbP_vmgl8,240.0,250.0,/m/0l15bq,clapping
l6Y5_LwfmRE,220.0,230.0,/m/07c52,television
lBnjix5PDHI,60.0,70.0,/m/02_41,fire
lLFTdmM7nSE,10.0,20.0,/m/01hsr_,sneeze
lMBDn8ExqCI,14.0,24.0,/m/01w250,whistling
lSaiA2tIgw0,100.0,110.0,/m/07sr1lc,screaming
lVHopwH5tSE,10.0,20.0,/m/01d3sd,snoring
lVQP0L9CgNQ,270.0,280.0,/m/02z32qm,shotgun
lc0cfPqIN1s,10.0,20.0,/m/03wvsk,hair_dryer
lczsLSLFbQ4,200.0,210.0,/m/03w41f,bell
le4C2HeNrdQ,30.0,40.0,/m/0c2wf,typewriter
leUP3MHTpiI,30.0,40.0,/m/03l9g,hammer
llAdPBw_iLk,170.0,180.0,/m/03wvsk,hair_dryer
llgsi8uZDTc,30.0,40.0,/t/dd00134,car_passing_by
lvi0RjGP2R8,280.0,290.0,/m/046dlr,alarm_clock
m7pJFsP8wtc,290.0,300.0,/g/122z_qxw,fireworks
m87mO5m2LmU,50.0,60.0,/m/0d31p,vacuum_cleaner
m9l9Qr0odVA,180.0,190.0,/m/01hsr_,sneeze
mDYp4Ks6JXc,120.0,130.0,/m/0j2kx,waterfall
mEDLOYAiXCE,0.0,10.0,/m/07pws3f,shotgun
mEHNGl0WQU8,20.0,30.0,/m/01d3sd,snoring
mFwURBjeSn8,30.0,40.0,/m/01j4z9,chainsaw
mFyS3HekU9o,290.0,300.0,/m/03l9g,hammer
mHWFt9zlMYU,360.0,370.0,/m/07prgkl,pouring_water
mKtM5YPwgQk,300.0,310.0,/m/01w250,whistling
mOmHE_P9znc,140.0,150.0,/m/02z32qm,shotgun
mPqj688FJLY,580.0,590.0,/m/03l9g,hammer
mVPswGyxPNY,400.0,410.0,/m/0lyf6,breathing
mYRRnFNNIBo,90.0,100.0,/m/0g6b5,fireworks
m_YrYZlGvKQ,10.0,20.0,/m/03wvsk,hair_dryer
maZ3b5w6xVI,440.0,450.0,/m/0395lw,bell
mcA_nVdrI0A,70.0,80.0,/m/02mfyn,car_alarm
mcnhvoxV0MM,220.0,230.0,/m/0j2kx,waterfall
mgnurQzxmbg,10.0,20.0,/m/03wvsk,hair_dryer
mkCSJLUMjkM,16.0,26.0,/m/016622,bell
mm0bW4giN0g,0.0,10.0,/m/016622,bell
msZvt9_kbuU,20.0,30.0,/m/02_41,fire
mtLO4RcFIG0,10.0,20.0,/m/0fd3y,ambient_music
muNZxQqWnt0,20.0,30.0,/g/122z_qxw,fireworks
mwG7z_aowKw,40.0,50.0,/m/025td0t,background_music
myWiV_HMXtc,10.0,20.0,/m/03qc9zr,screaming
n08qMfFB_UM,190.0,200.0,/m/03qc9zr,screaming
n0Jc1i6Ns4g,30.0,40.0,/m/01h8n0,conversation
nJ5VaxlKdQE,50.0,60.0,/m/01d3sd,snoring
nLEv1Ww9dEo,30.0,40.0,/m/01h82_,engine
nLT46BqE-OI,340.0,350.0,/m/02z32qm,shotgun
nPXSiWX2Z_4,40.0,50.0,/m/01j4z9,chainsaw
nPgdoP5ouO8,100.0,110.0,/m/03wvsk,hair_dryer
naiL18fGeEg,240.0,250.0,/m/016622,bell
nbB8C-lGSKQ,260.0,270.0,/m/03wvsk,hair_dryer
nd4wZwPTf5o,0.0,10.0,/m/028ght,applause
nqxLbLdoOkc,0.0,10.0,/m/01d3sd,snoring
nurF0VhxtTo,20.0,30.0,/m/03wvsk,hair_dryer
nwbRz1UP4MI,40.0,50.0,/m/03w41f,bell
nyf0IUg4jHE,420.0,430.0,/m/07pbtc8,footsteps
o6JRAX5HKgQ,0.0,10.0,/m/07c52,television
o9nKX542J9c,150.0,160.0,/m/01w250,whistling
oGGQaSTJ6Fw,270.0,280.0,/m/01hsr_,sneeze
oKloGAjT7qs,90.0,100.0,/m/02z32qm,shotgun
oQ2XdN7HGL4,120.0,130.0,/m/07pbtc8,footsteps
oRj8jNaNj7o,0.0,10.0,/m/025td0t,background_music
oVyvglHg-Ss,0.0,10.0,/m/01d3sd,snoring
ocOYpa4na5k,7.0,17.0,/t/dd00134,car_passing_by
ofnKFDQl_uw,400.0,410.0,/m/03l9g,hammer
ohCVx7uRmz8,50.0,60.0,/m/0l15bq,clapping
ojvtp3aHKdc,3.0,13.0,/m/01w250,whistling
opxGmpKOiE4,350.0,360.0,/m/0llzx,sewing_machine
oq4h6LGyDQ8,0.0,10.0,/m/03l9g,hammer
otxIneJxlsM,150.0,160.0,/m/02dgv,door
ow2cNtqCNPw,10.0,20.0,/t/dd00134,car_passing_by
owic-GeWQco,30.0,40.0,/m/02mfyn,car_alarm
p-M4cpLUoDw,10.0,20.0,/m/03w41f,bell
p-sRsHVhL4s,30.0,40.0,/m/03w41f,bell
p1EhaANeYCI,270.0,280.0,/m/028ght,applause
p1T-iAblitw,290.0,300.0,/m/01m2v,keyboard_typing
p1VgULGTPwU,190.0,200.0,/m/06_y0by,environmental_noise
p2LHdT6aHL8,30.0,40.0,/m/016622,bell
p39iuYKqYdw,30.0,40.0,/m/028ght,applause
pDH7G4gQrEk,50.0,60.0,/m/028ght,applause
pIpdn-w12ok,10.0,20.0,/m/0l15bq,clapping
pJRAWkLM7UE,110.0,120.0,/m/03w41f,bell
pLnHpv-W2Tc,230.0,240.0,/m/07sr1lc,screaming
pMDfOwaHg6A,53.0,63.0,/m/03w41f,bell
pSc_V9Oi72Q,30.0,40.0,/m/02mfyn,car_alarm
pWLDPmZsMSQ,30.0,40.0,/t/dd00134,car_passing_by
pZebkKZrRXc,30.0,40.0,/m/03w41f,bell
pZlGW5CCZaU,260.0,270.0,/m/0fx9l,microwave_oven
pbDO1W3OFFM,70.0,80.0,/m/01hsr_,sneeze
peqGE-BKFb4,530.0,540.0,/m/02_41,fire
prWt1op73ZI,190.0,200.0,/m/03w41f,bell
psLs3lk5s-k,10.0,20.0,/m/02z32qm,shotgun
ptIHZv3KdJw,0.0,3.0,/m/03wwcy,doorbell
q-5_Ed1aRSk,90.0,100.0,/m/01lsmm,scissors
q6IgSdTK2Pw,0.0,10.0,/m/0g6b5,fireworks
q70ql6R9P8Y,0.0,4.0,/t/dd00018,pig
qFTMEVccUMg,450.0,460.0,/m/0395lw,bell
qMA5TimeIuI,60.0,70.0,/m/03l9g,hammer
qNuqsDgyJjE,50.0,60.0,/m/01lsmm,scissors
qQftDhgC51A,90.0,100.0,/m/02_41,fire
qT_dYTeR8h8,4.0,14.0,/m/01w250,whistling
qgE1chZAAGY,400.0,410.0,/m/068zj,pig
qgeaoW55Pks,10.0,20.0,/m/025td0t,background_music
qgmivsTvSXw,380.0,390.0,/m/03w41f,bell
qjl7-zxkTx8,30.0,40.0,/m/02mfyn,car_alarm
qvOP_q727u0,30.0,40.0,/m/01h82_,engine
qvOdAaqot4Q,19.0,29.0,/m/02mfyn,car_alarm
qwQiOhqWeXs,40.0,50.0,/m/0c2wf,typewriter
qwmcAKJ_Cew,5.0,15.0,/m/02mfyn,car_alarm
qxLdv8u_Ujw,0.0,5.0,/t/dd00134,car_passing_by
qyJOnlp_C1Y,30.0,40.0,/m/01j4z9,chainsaw
qyT42nX_Ors,0.0,10.0,/m/02z32qm,shotgun
qyd_wSO361Q,25.0,35.0,/t/dd00018,pig
qyxKgC7B9PQ,30.0,40.0,/m/03w41f,bell
r3YX7kA3wB8,80.0,90.0,/m/02_41,fire
r6PPq8GwZgU,0.0,10.0,/m/0fx9l,microwave_oven
r8dW1geD3VQ,30.0,40.0,/m/03w41f,bell
rA46OCJsFek,90.0,100.0,/m/03w41f,bell
rEFAz1hIAPE,290.0,300.0,/m/0d31p,vacuum_cleaner
rII2rBqRz9Q,210.0,220.0,/m/01w250,whistling
rIQIHXwqnTE,50.0,60.0,/m/0c3f7m,fire_alarm
rNsFSVhZi9w,330.0,340.0,/m/07c52,television
rXK8ohd1m5A,10.0,20.0,/g/122z_qxw,fireworks
rhCLv2BETIc,0.0,10.0,/m/0lyf6,breathing
rmMFrnR_hfA,30.0,40.0,/m/03w41f,bell
rqzIV5OzbH0,30.0,40.0,/t/dd00134,car_passing_by
rrEB1RcaSMk,60.0,70.0,/m/01h8n0,conversation
rs7rSn4G_4s,500.0,510.0,/m/03l9g,hammer
ry-udTprO4o,490.0,500.0,/m/046dlr,alarm_clock
s-jlycmfUsw,30.0,40.0,/m/0912c9,car_horn
s-rEfipJ4ec,10.0,20.0,/m/0fx9l,microwave_oven
s2m6oNtNwdo,140.0,150.0,/m/0llzx,sewing_machine
s4WYG7iPVIo,130.0,140.0,/m/02mfyn,car_alarm
s5JPbWkRXKs,30.0,40.0,/m/014zdl,explosion
s5bCiY7Bb_I,30.0,40.0,/t/dd00134,car_passing_by
sAJAhrh16dA,250.0,260.0,/m/0d31p,vacuum_cleaner
sBX0_E2duBA,340.0,350.0,/m/0d31p,vacuum_cleaner
sGndF3lXXGE,510.0,520.0,/m/03l9g,hammer
sJeGzYiLTa8,30.0,40.0,/m/0fx9l,microwave_oven
sTc2Ixia8mo,30.0,40.0,/m/01j4z9,chainsaw
sY7mlZ2bcJo,170.0,180.0,/m/0d31p,vacuum_cleaner
sdAAD_Bc6fI,20.0,30.0,/m/03w41f,bell
sfA0tZgtSeg,30.0,40.0,/m/07qrkrw,cat
sgnKl22XCdI,100.0,110.0,/m/03l9g,hammer
sjrENY6wZm8,410.0,420.0,/m/03l9g,hammer
skvi9dUjShY,30.0,40.0,/t/dd00002,infant_cry
sm4bvVj-Xkc,8.0,18.0,/m/0fx9l,microwave_oven
so8kLYa008E,190.0,200.0,/m/0d31p,vacuum_cleaner
suzQIm1cgCI,0.0,10.0,/m/01w250,whistling
t05lg7ASVYg,10.0,20.0,/m/046dlr,alarm_clock
t0ulJOTOdjo,120.0,130.0,/m/07prgkl,pouring_water
t8rwfrPCW1M,30.0,40.0,/m/03w41f,bell
tNEGx3WCwBA,0.0,4.0,/m/03wwcy,doorbell
tSDWeENk1W8,30.0,40.0,/m/03w41f,bell
tSmtTLfENpc,60.0,70.0,/m/0c2wf,typewriter
tWxeUTLGrZ0,270.0,280.0,/m/07r67yg,doorbell
tbYM5Wtz-U8,26.0,36.0,/m/07sr1lc,screaming
teVE2waWdsU,30.0,40.0,/m/0l15bq,clapping
tl8K0QjKBCU,140.0,150.0,/m/02z32qm,shotgun
ttIeifVcqd4,20.0,30.0,/m/07r67yg,doorbell
u7V8SF5nUNY,340.0,350.0,/g/122z_qxw,fireworks
u8PSTB2D9Ro,0.0,5.0,/m/0395lw,bell
uA3S7dG4fCw,210.0,220.0,/m/01lsmm,scissors
uAERJnfcdJ4,390.0,400.0,/m/03l9g,hammer
uCTXqZ4_pKM,30.0,40.0,/m/01j4z9,chainsaw
uCUPXiawrJc,20.0,30.0,/m/0d31p,vacuum_cleaner
uCnHaxIjhhM,30.0,40.0,/m/07qqyl4,explosion
uDgi0fzGgr0,10.0,20.0,/m/046dlr,alarm_clock
uIE6dH5SaNU,160.0,170.0,/m/07pbtc8,footsteps
uIs3mjFjvKk,90.0,100.0,/m/0395lw,bell
uJWInkOeFx0,420.0,430.0,/m/0j2kx,waterfall
uLQPPdAKp1w,20.0,30.0,/m/02_41,fire
uO2ZDzmQPoY,20.0,30.0,/m/01lsmm,scissors
uUXDACKxRJA,150.0,160.0,/m/02mfyn,car_alarm
uYY7cJzqyMU,570.0,580.0,/m/03wwcy,doorbell
uaOY9f6uoks,0.0,10.0,/m/06_y0by,environmental_noise
ucICmff0K-Q,30.0,40.0,/m/01bjv,bus
uthV5xApuWQ,30.0,40.0,/m/03wvsk,hair_dryer
v3xrygbn33g,120.0,130.0,/m/0912c9,car_horn
v4LoWY-J9xo,100.0,110.0,/m/07qqyl4,explosion
v4ehaGeo6vs,190.0,200.0,/m/01y3hg,smoke_alarm
v5oorz0sCeE,150.0,160.0,/m/0d31p,vacuum_cleaner
v5x0zXCuJJc,50.0,60.0,/m/0d31p,vacuum_cleaner
vAl7W7sqGq4,250.0,260.0,/m/01lsmm,scissors
vEt2p23qcaQ,10.0,20.0,/m/01d3sd,snoring
vGkdEGzt3SQ,230.0,240.0,/m/07qqyl4,explosion
vQvy2WMvImM,30.0,40.0,/t/dd00002,infant_cry
vR7_0wHnHeI,20.0,30.0,/t/dd00134,car_passing_by
vXOwQ7_5f3M,360.0,370.0,/m/02_41,fire
w2AKKeN2otQ,0.0,10.0,/m/014zdl,explosion
w65m7AVSpYw,180.0,190.0,/m/0d31p,vacuum_cleaner
wBQgLx7hLS0,260.0,270.0,/m/06_y0by,environmental_noise
wH89yPM1NYY,150.0,160.0,/g/122z_qxw,fireworks
wUsT87ZtI50,30.0,40.0,/m/01h82_,engine
wZuk8oXBK9w,20.0,30.0,/m/0fd3y,ambient_music
weAnqreYaHw,30.0,40.0,/t/dd00002,infant_cry
wlkSmyEWNX0,320.0,330.0,/m/03w41f,bell
wxfWI5yRC_Y,60.0,70.0,/m/01lsmm,scissors
wzLojKtMRJI,130.0,140.0,/m/03v3yw,keys_jangling
x0QrWlWcft0,60.0,70.0,/m/03w41f,bell
x2DTHPF2VmM,30.0,40.0,/m/016622,bell
x3B-LiTR9ds,240.0,250.0,/m/0llzx,sewing_machine
xJXNHf09OO8,220.0,230.0,/m/0llzx,sewing_machine
xdl5R-a5ebM,60.0,70.0,/m/0fx9l,microwave_oven
xoL_pPNeNgU,0.0,10.0,/m/0c3f7m,fire_alarm
xpkuFCHDb0s,30.0,40.0,/t/dd00134,car_passing_by
xvB-caf_k4U,220.0,230.0,/g/122z_qxw,fireworks
xvLOnDO8TBg,70.0,80.0,/m/0g6b5,fireworks
y01wHb_XZ1Y,70.0,80.0,/m/03w41f,bell
y4UNk4FbWGs,20.0,30.0,/m/0j2kx,waterfall
y9-QoB7E0OU,220.0,230.0,/m/0j2kx,waterfall
yCyj0Or4Fw4,10.0,20.0,/m/0fd3y,ambient_music
yJPB7UlC4No,90.0,100.0,/m/0c2wf,typewriter
yNjUikl9arQ,40.0,50.0,/m/01w250,whistling
yOaXLc4Y7UY,30.0,40.0,/t/dd00134,car_passing_by
yPkr1XQFNJA,29.0,39.0,/m/05tny_,dog
yR6ejO1NO10,150.0,160.0,/m/02dgv,door
ySFLstlWseI,140.0,150.0,/m/01m2v,keyboard_typing
yhMOo9hSdic,510.0,520.0,/m/01lsmm,scissors
ykGnG1MfoGw,14.0,24.0,/m/01y3hg,smoke_alarm
yu9EpPJn5mA,300.0,310.0,/t/dd00134,car_passing_by
z1b7YU3z4yY,30.0,40.0,/m/03wvsk,hair_dryer
z3xiKSDoZEI,160.0,170.0,/m/01lsmm,scissors
z6oOz1AYk7Y,10.0,20.0,/m/01y3hg,smoke_alarm
zNswU3Pmyn0,30.0,40.0,/m/02_41,fire
zUy7zD4t2w4,30.0,40.0,/m/016622,bell
zVLqS6y0yxE,170.0,180.0,/m/0j2kx,waterfall
zWPwtay0dxM,30.0,40.0,/m/02mfyn,car_alarm
zWqvlnU-Kq8,390.0,400.0,/m/01w250,whistling
zY1LJu1j4zw,30.0,40.0,/t/dd00002,infant_cry
zY2JAbEVwGY,0.0,10.0,/m/07sq110,laughing
za8KPcQ0dTw,360.0,370.0,/m/02mfyn,car_alarm
zaMBCLi5Idg,0.0,7.0,/m/03w41f,bell
zaymTPz9WDU,30.0,40.0,/m/01j4z9,chainsaw
zb9OuUXnLxU,50.0,60.0,/g/122z_qxw,fireworks
zhH3QeoBZDI,320.0,330.0,/m/01hsr_,sneeze
zis0fIWwm6w,40.0,50.0,/m/0j2kx,waterfall
zkIlnWqrDQE,30.0,40.0,/m/0g6b5,fireworks
zkNbNA2mLIg,20.0,30.0,/t/dd00002,infant_cry
zoK3H42HCu8,30.0,40.0,/m/0d31p,vacuum_cleaner
zoK7XE8BWlY,60.0,70.0,/m/0d31p,vacuum_cleaner
zokD5rKQkag,80.0,90.0,/m/07pbtc8,footsteps
zuOmRkw0ieA,100.0,110.0,/m/03wvsk,hair_dryer
zw97u7XoQaY,570.0,580.0,/m/016622,bell
